Trade_ID,Symbol,Entry_Date,Entry,SL,Target,Status,Exit_Date,Exit_Price,Bars_Held,Result,Return_%,MFE_%,MAE_%
ADANIENT_2026-09-10,ADANIENT,2026-09-10,3077.2,3031.042,3169.516,CLOSED,,,0,,,0.0,0.0
ADANIENT_2026-09-11,ADANIENT,2026-09-11,3060.0,3014.1,3151.8,CLOSED,,,0,,,0.0,0.0
KOTAKBANK_2026-09-11,KOTAKBANK,2026-09-11,419.0,412.715,431.57,CLOSED,,,0,,,0.0,0.0
HDFCBANK_2026-09-15,HDFCBANK,2026-09-15,716.55,705.8017,738.0465,CLOSED,,,0,,,2.4074,-0.7955
HDFCBANK_2026-09-16,HDFCBANK,2026-09-16,721.5,710.6775,743.145,CLOSED,2026-09-22,743.145,4,TARGET,3.0,3.8531,-1.1781
ITC_2026-09-17,ITC,2026-09-17,266.2,262.207,274.186,CLOSED,2026-09-30,262.207,9,SL,-1.5,1.8219,-1.8032
BHARTIARTL_2026-09-18,BHARTIARTL,2026-09-18,1893.3,1864.9005,1950.099,CLOSED,,,0,,,0.0,0.0
HDFCBANK_2026-09-18,HDFCBANK,2026-09-18,731.0,720.035,752.93,CLOSED,2026-09-28,720.035,6,SL,-1.5,2.5034,-1.7647
ADANIENT_2026-09-18,ADANIENT,2026-09-18,3020.0,2974.7,3110.6,CLOSED,,,0,,,0.0,0.0
VBL_2026-09-18,VBL,2026-09-18,421.95,415.6207,434.6085,CLOSED,2026-09-23,434.6085,3,TARGET,3.0,3.946,0.0
ITC_2026-09-21,ITC,2026-09-21,267.0,262.995,275.01,CLOSED,2026-09-30,262.995,7,SL,-1.5,1.5168,-2.0974
HDFCBANK_2026-09-21,HDFCBANK,2026-09-21,739.5,728.4075,761.685,CLOSED,2026-09-24,725.0,3,SL,-1.9608,1.3252,-2.2718
VBL_2026-09-21,VBL,2026-09-21,425.0,418.625,437.75,CLOSED,2026-09-23,437.75,2,TARGET,3.0,3.2,-0.1882
ADANIENT_2026-09-22,ADANIENT,2026-09-22,2997.0,2952.045,3086.91,CLOSED,2026-09-24,2952.045,2,SL,-1.5,0.8976,-3.2966
KOTAKBANK_2026-09-30,KOTAKBANK,2026-09-30,417.0,410.745,429.51,OPEN,,,0,,,0.0,0.0
